<?xml version="1.0" encoding="UTF-8"?>
<project-private xmlns="http://www.netbeans.org/ns/project-private/1">
    <editor-bookmarks xmlns="http://www.netbeans.org/ns/editor-bookmarks/2" lastBookmarkId="0"/>
    <open-files xmlns="http://www.netbeans.org/ns/projectui-open-files/2">
        <group>
            <file>file:/C:/Users/vinic/Desktop/Interfacegrafica_2/src/teladelogin/Consultar.java</file>
            <file>file:/C:/Users/vinic/Desktop/Interfacegrafica_2/src/teladelogin/RelatórioNomes_Usuario.java</file>
            <file>file:/C:/Users/vinic/Desktop/Interfacegrafica_2/src/teladelogin/RelatórioEndereço_usuario.java</file>
            <file>file:/C:/Users/vinic/Desktop/Interfacegrafica_2/src/teladelogin/TelaDeLogin.java</file>
            <file>file:/C:/Users/vinic/Desktop/Interfacegrafica_2/src/teladelogin/Cliente.java</file>
            <file>file:/C:/Users/vinic/Desktop/Interfacegrafica_2/src/teladelogin/RelatórioId_Usuario.java</file>
            <file>file:/C:/Users/vinic/Desktop/Interfacegrafica_2/src/teladelogin/RelatórioCurso_usuario.java</file>
            <file>file:/C:/Users/vinic/Desktop/Interfacegrafica_2/src/teladelogin/Menu.java</file>
        </group>
    </open-files>
</project-private>
